{
	"format_version": "1.8.0",
	"animations": {
		"animation.wormwood.player.attachables.colt.wield.first_person": {
			"loop": true,
			"bones": {
				"colt": {
					"rotation": [82.5, 0, 0],
					"position": [-4.5, 12, 1.75],
					"scale": 0.88
				},
				"root": {
					"rotation": [0, -180, 0]
				},
				"rightArm": {
					"rotation": [-79.96258, 4.92385, 0.87038],
					"position": [-2, 0, -6],
					"scale": 0.88
				}
			}
		},
		"animation.wormwood.player.attachables.colt.wield.third_person": {
			"loop": true,
			"bones": {
				"colt": {
					"rotation": [85.01893, -0.43523, -4.98107],
					"position": [-5, 12, 1.75],
					"scale": 0.88
				},
				"rightArm": {
					"rotation": [-80, 0, 0],
					"position": [0, -1, 0]
				},
				"leftArm": {
					"rotation": [14.66045, 9.22232, -2.39418],
					"position": [0, -1.5, 0]
				}
			}
		},
		"animation.wormwood.player.attachables.colt.shoot": {
			"loop": "hold_on_last_frame",
			"animation_length": 0.48,
			"bones": {
				"colt": {
					"rotation": {
						"0.0": [0, 0, 0],
						"0.04": [-5, 0, 0],
						"0.08": [-7.5, 0, 0],
						"0.12": [-6.99, 0, 0],
						"0.16": [-6.15, 0, 0],
						"0.2": [-5.09, 0, 0],
						"0.24": [-3.91, 0, 0],
						"0.28": [-2.7, 0, 0],
						"0.32": [-1.58, 0, 0],
						"0.36": [-0.65, 0, 0],
						"0.4": [0, 0, 0]
					}
				},
				"hammer": {
					"rotation": {
						"0.2": [0, 0, 0],
						"0.24": [-21.09, 0, 0],
						"0.28": [-37.5, 0, 0],
						"0.32": [-34.2, 0, 0],
						"0.36": [-26.1, 0, 0],
						"0.4": [-15.9, 0, 0],
						"0.44": [-6.3, 0, 0],
						"0.48": [0, 0, 0]
					}
				},
				"waist": {
					"rotation": {
						"0.0": [0, 0, 0],
						"0.04": [-2, 3.75, 0],
						"0.08": [-4, 7.5, 0],
						"0.12": [-3.24, 6.05, 0],
						"0.16": [-1.69, 3.09, 0],
						"0.2": [-0.04, -0.04, 0],
						"0.24": [1, -2, 0],
						"0.28": [1.17, -2.3, 0],
						"0.32": [0.98, -1.93, 0],
						"0.36": [0.62, -1.21, 0],
						"0.4": [0.23, -0.46, 0],
						"0.44": [0, 0, 0]
					}
				},
				"rightArm": {
					"rotation": {
						"0.0": [0, 0, 0],
						"0.04": [-47.5, 0, 0],
						"0.08": [-49.25, -2.25, -3.81],
						"0.12": [-41.72, -4, -7],
						"0.16": [-33.93, -3.11, -6.11],
						"0.2": [-23.81, -1.33, -3.89],
						"0.24": [-15, 0, -2],
						"0.28": [-8.58, 0.3, -1.04],
						"0.32": [-3.45, 0.15, -0.41],
						"0.36": [0, 0, 0],
						"0.4": [1.11, 0, 0.15],
						"0.44": [0.56, 0, 0.07],
						"0.48": [0, 0, 0]
					},
					"position": {
						"0.0": [0, 0, 0],
						"0.04": [0, 0, 0.5],
						"0.08": [0, 0, 1],
						"0.12": [0, 0, 0.91],
						"0.16": [0, 0, 0.7],
						"0.2": [0, 0, 0.42],
						"0.24": [0, 0, 0.17],
						"0.28": [0, 0, 0],
						"0.32": [0, 0, -0.06],
						"0.36": [0, 0, -0.07],
						"0.4": [0, 0, -0.05],
						"0.44": [0, 0, -0.02],
						"0.48": [0, 0, 0]
					}
				},
				"leftArm": {
					"rotation": {
						"0.0": [0, 0, 0],
						"0.04": [0, 0, -8.75],
						"0.08": [0, 0, -17.5],
						"0.12": [0, 0, -14.5],
						"0.16": [0, 0, -11.5],
						"0.2": [0, 0, -8.5],
						"0.24": [0, 0, -5.5],
						"0.28": [0, 0, -2.5],
						"0.32": [0, 0, -1.88],
						"0.36": [0, 0, -1.25],
						"0.4": [0, 0, -0.63],
						"0.44": [0, 0, 0]
					},
					"position": {
						"0.0": [0, 0, 0],
						"0.04": [0, 0.5, 0],
						"0.08": [0, 1, 0],
						"0.12": [0, 0.64, 0],
						"0.16": [0, 0, 0],
						"0.2": [0, -0.64, 0],
						"0.24": [0, -1, 0],
						"0.28": [0, -1, 0],
						"0.32": [0, -0.85, 0],
						"0.36": [0, -0.62, 0],
						"0.4": [0, -0.37, 0],
						"0.44": [0, -0.14, 0],
						"0.48": [0, 0, 0]
					}
				}
			}
		}
	}
}