{
	"format_version": "1.8.0",
	"animations": {
		"animation.wormwood.player.attachables.laser_pistol.wield.first_person": {
			"loop": true,
			"bones": {
				"root": {
					"rotation": [0, 180, 0]
				},
				"rightArm": {
					"rotation": [-87.49764, -2.44778, -0.10694],
					"position": [-1.5, -2.5, -7]
				},
				"pistol": {
					"rotation": [90, 0, -2],
					"position": [-5.25, 5, -17.25],
					"scale": 0.63
				}
			}
		},
		"animation.wormwood.player.attachables.laser_pistol.wield.third_person": {
			"loop": true,
			"bones": {
				"root": {
					"rotation": [0, 0, 0]
				},
				"rightArm": {
					"rotation": [-87.5, 0, 0],
					"position": [0, 1, 2]
				},
				"rightItem": {
					"rotation": [0, 0, -5],
					"position": [-1, 0, 0]
				},
				"pistol": {
					"rotation": [90, 0, 0],
					"position": [-4, 7, -16],
					"scale": 0.43
				},
				"main": {
					"position": [0, 1, 0]
				},
				"leftArm": {
					"rotation": [-7.43745, 1.50179, -5.23032]
				}
			}
		},
		"animation.wormwood.player.attachables.laser_pistol.shoot": {
			"loop": true,
			"animation_length": 0.64,
			"bones": {
				"rightArm": {
					"rotation": {
						"0.0": [0, 0, 0],
						"0.04": [-13.5, 4.5, 0],
						"0.08": [-27, 9, 0],
						"0.12": [-26.47, 8.82, 0],
						"0.16": [-25.01, 8.34, 0],
						"0.2": [-22.8, 7.6, 0],
						"0.24": [-20.02, 6.67, 0],
						"0.28": [-16.86, 5.62, 0],
						"0.32": [-13.49, 4.5, 0],
						"0.36": [-10.1, 3.37, 0],
						"0.4": [-6.88, 2.29, 0],
						"0.44": [-4, 1.33, 0],
						"0.48": [-1.64, 0.55, 0],
						"0.52": [0, 0, 0]
					},
					"position": {
						"0.0": [0, 0, 0],
						"0.04": [0, 0, 1.1],
						"0.08": [0, 0, 2.2],
						"0.12": [0, 0, 3.3],
						"0.16": [0, 0, 3.18],
						"0.2": [0, 0, 2.86],
						"0.24": [0, 0, 2.4],
						"0.28": [0, 0, 1.86],
						"0.32": [0, 0, 1.29],
						"0.36": [0, 0, 0.75],
						"0.4": [0, 0, 0.3],
						"0.44": [0, 0, 0]
					}
				},
				"pistol": {
					"rotation": {
						"0.0": [0, 0, 0],
						"0.04": [-2.5, 0, 0],
						"0.08": [-5, 0, 0],
						"0.12": [-3.5, 0, 0],
						"0.16": [-2, 0, 0],
						"0.2": [-1.83, 0, 0],
						"0.24": [-1.67, 0, 0],
						"0.28": [-1.5, 0, 0],
						"0.32": [-1.33, 0, 0],
						"0.36": [-1.17, 0, 0],
						"0.4": [-1, 0, 0],
						"0.44": [-0.83, 0, 0],
						"0.48": [-0.67, 0, 0],
						"0.52": [-0.5, 0, 0],
						"0.56": [-0.33, 0, 0],
						"0.6": [-0.17, 0, 0],
						"0.64": [0, 0, 0]
					},
					"position": {
						"0.0": [0, 0, 0],
						"0.04": [0, 0.33, 0],
						"0.08": [0, 0.67, 0],
						"0.12": [0, 1, 0],
						"0.16": [0, 0.94, 0],
						"0.2": [0, 0.78, 0],
						"0.24": [0, 0.56, 0],
						"0.28": [0, 0.33, 0],
						"0.32": [0, 0.13, 0],
						"0.36": [0, 0, 0]
					}
				}
			}
		}
	}
}