{
	"format_version": "1.10.0",
	"animations": {
		"animation.wormwood.player.attachables.lever_action_rifle.wield.first_person": {
			"loop": true,
			"bones": {
				"lever_action_rifle": {
					"rotation": [90, 0, 0],
					"position": [-4.25, 9, -1.75],
					"scale": 0.9
				},
				"root": {
					"rotation": [0, 180, 0]
				},
				"leftArm": {
					"rotation": [-85.7643, 41.26755, 11.21792],
					"position": [-3, -1, -11]
				},
				"rightArm": {
					"rotation": [-90, 0, 0]
				},
				"rightItem": {
					"position": [0, 0, 0]
				},
				"stock": {
					"scale": [0.6, 1, 1]
				}
			}
		},
		"animation.wormwood.player.attachables.lever_action_rifle.shoot": {
			"animation_length": 1.12,
			"bones": {
				"lever_action_rifle": {
					"rotation": {
						"0.0": [0, 0, 0],
						"0.04": [-3, 0, 0],
						"0.08": [-2.62, 0, 0],
						"0.12": [-2.25, 0, 0],
						"0.16": [-1.87, 0, 0],
						"0.2": [-1.5, 0, 0],
						"0.24": [-1.12, 0, 0],
						"0.28": [-0.75, 0, 0],
						"0.32": [-0.37, 0, 0],
						"0.36": [0, 0, 0],
						"0.4": [0.22, 11.67, 0],
						"0.44": [0.11, 27.22, 0],
						"0.48": [0, 35, 0],
						"0.52": [0, 33.99, 0],
						"0.56": [0, 31.26, 0],
						"0.6": [0, 27.22, 0],
						"0.64": [0, 22.33, 0],
						"0.68": [0, 17, 0],
						"0.72": [0, 11.67, 0],
						"0.76": [0, 6.77, 0],
						"0.8": [0, 2.74, 0],
						"0.84": [0, 0, 0]
					},
					"position": {
						"0.0": [0, 0, 0],
						"0.04": [0, 1, 0],
						"0.08": [0, 2, 0],
						"0.12": [0, 1.67, 0],
						"0.16": [0, 1.33, 0],
						"0.2": [0, 1, 0],
						"0.24": [0, 0.67, 0],
						"0.28": [0, 0.33, 0],
						"0.32": [0, 0, 0]
					}
				},
				"lever": {
					"rotation": {
						"0.36": [0, 0, 0],
						"0.4": [-15.8, 0, 0],
						"0.44": [-39.91, 0, 0],
						"0.48": [-67.34, 0, 0],
						"0.52": [-93.15, 0, 0],
						"0.56": [-112.36, 0, 0],
						"0.6": [-120, 0, 0],
						"0.64": [-112.83, 0, 0],
						"0.68": [-94.17, 0, 0],
						"0.72": [-68.91, 0, 0],
						"0.76": [-41.94, 0, 0],
						"0.8": [-18.18, 0, 0],
						"0.84": [-2.5, 0, 0],
						"0.88": [6.27, 0, 0],
						"0.92": [6.09, 0, 0],
						"0.96": [2.25, 0, 0],
						"1.0": [0, 0, 0]
					}
				},
				"hammer": {
					"rotation": {
						"0.12": [0, 0, 0],
						"0.16": [18.75, 0, 0],
						"0.2": [37.5, 0, 0],
						"0.24": [31.25, 0, 0],
						"0.28": [25, 0, 0],
						"0.32": [18.75, 0, 0],
						"0.36": [12.5, 0, 0],
						"0.4": [6.25, 0, 0],
						"0.44": [0, 0, 0]
					}
				},
				"leftArm": {
					"rotation": {
						"0.0": [0, 0, 0],
						"0.04": [0, -7.5, 0],
						"0.08": [0, -15, 0],
						"0.12": [0, -14.3, 0.07],
						"0.16": [0, -12.46, 0.23],
						"0.2": [0, -9.88, 0.42],
						"0.24": [0, -6.95, 0.56],
						"0.28": [0, -4.07, 0.58],
						"0.32": [0, -1.62, 0.42],
						"0.36": [0, 0, 0],
						"0.4": [-0.28, 1.05, -1.17],
						"0.44": [-0.75, 0.94, -2.78],
						"0.48": [-0.84, 0.35, -5],
						"0.52": [0, 0, -8],
						"0.56": [2.72, 0, -13.17],
						"0.6": [6.75, 0, -19.97],
						"0.64": [10.41, 0, -25.66],
						"0.68": [12, 0, -27.5],
						"0.72": [11.57, 0, -26.12],
						"0.76": [10.41, 0, -23.29],
						"0.8": [8.73, 0, -19.42],
						"0.84": [6.75, 0, -14.97],
						"0.88": [4.68, 0, -10.36],
						"0.92": [2.72, 0, -6.04],
						"0.96": [1.09, 0, -2.44],
						"1.0": [0, 0, 0]
					},
					"position": {
						"0.0": [0, 0, 0],
						"0.04": [0.5, 0, 2],
						"0.08": [1, 0, 4],
						"0.12": [0.9, 0, 3.54],
						"0.16": [0.65, 0, 2.55],
						"0.2": [0.35, 0, 1.29],
						"0.24": [0.1, 0, 0.02],
						"0.28": [0, 0, -1],
						"0.32": [0.12, 0, -1.74],
						"0.36": [0.4, 0, -2.39],
						"0.4": [0.72, 0, -2.97],
						"0.44": [0.96, 0, -3.5],
						"0.48": [1, 0, -4],
						"0.52": [0.48, 0, -5.11],
						"0.56": [-0.37, 0, -6.11],
						"0.6": [-1, 0, -6],
						"0.64": [-1.19, 0, -3.74],
						"0.68": [-1.15, 0, -0.37],
						"0.72": [-1, 0, 2],
						"0.76": [-0.88, 0, 2.35],
						"0.8": [-0.7, 0, 2.33],
						"0.84": [-0.5, 0, 2.06],
						"0.88": [-0.3, 0, 1.67],
						"0.92": [-0.12, 0, 1.27],
						"0.96": [0, 0, 1],
						"1.0": [0.07, 0, 0.73],
						"1.04": [0.06, 0, 0.44],
						"1.08": [0.02, 0, 0.18],
						"1.12": [0, 0, 0]
					}
				},
				"rightArm": {
					"rotation": {
						"0.0": [0, 0, 0],
						"0.04": [-5, 0, 0],
						"0.08": [-10, 0, 0],
						"0.12": [-32.5, 0, 0],
						"0.16": [-31.54, 0, 0],
						"0.2": [-29.5, 0, 0],
						"0.24": [-26.64, 0, 0],
						"0.28": [-23.17, 0, 0],
						"0.32": [-19.34, 0, 0],
						"0.36": [-15.39, 0, 0],
						"0.4": [-11.54, 0, 0],
						"0.44": [-8.04, 0, 0],
						"0.48": [-5.11, 0, 0],
						"0.52": [-3, 0, 0],
						"0.56": [-1.49, 0, 0],
						"0.6": [-0.49, 0, 0],
						"0.64": [0.07, 0, 0],
						"0.68": [0.32, 0, 0],
						"0.72": [0.33, 0, 0],
						"0.76": [0.2, 0, 0],
						"0.8": [0.04, 0, 0],
						"0.84": [-0.06, 0, 0],
						"0.88": [0, 0, 0]
					},
					"position": {
						"0.0": [0, 0, 0],
						"0.04": [0, 0, 0.5],
						"0.08": [0, 0, 1],
						"0.12": [0, 0, 2.25],
						"0.16": [0, 0, 3],
						"0.2": [0, 0, 2.9],
						"0.24": [0, 0, 2.72],
						"0.28": [0, 0, 2.46],
						"0.32": [0, 0, 2.15],
						"0.36": [0, 0, 1.81],
						"0.4": [0, 0, 1.44],
						"0.44": [0, 0, 1.08],
						"0.48": [0, 0, 0.74],
						"0.52": [0, 0, 0.43],
						"0.56": [0, 0, 0.18],
						"0.6": [0, 0, 0]
					}
				},
				"waist": {
					"rotation": {
						"0.0": [0, 0, 0],
						"0.04": [0, 10, 0],
						"0.08": [-10, 16.18, 0],
						"0.12": [-9.35, 15.59, 0],
						"0.16": [-7.31, 14.1, 0],
						"0.2": [-4.87, 12.1, 0],
						"0.24": [-3, 10, 0],
						"0.28": [-1.59, 6.58, 0],
						"0.32": [-0.63, 2.73, 0],
						"0.36": [0, 0, 0]
					}
				}
			},
			"sound_effects": {
				"0.12": {
					"effect": "lever_action_rifle.reload"
				}
			}
		},
		"animation.wormwood.player.attachables.lever_action_rifle.wield.third_person": {
			"loop": true,
			"bones": {
				"lever_action_rifle": {
					"rotation": [90, 0, -5],
					"position": [-5.25, 11, 0.33],
					"scale": 0.88
				},
				"leftArm": {
					"rotation": [-85.7643, 41.26755, 11.21792],
					"position": [-4, 0, -1]
				},
				"rightArm": {
					"rotation": [-90, 0, 0],
					"position": [0, -1, 4]
				},
				"rightItem": {
					"position": [0, -2, 0]
				}
			}
		}
	}
}