{
	"format_version": "1.8.0",
	"animations": {
		"animation.wormwood.player.attachables.spear.wield.first_person": {
			"loop": true,
			"bones": {
				"root": {
					"rotation": [0, 180, 0]
				},
				"rightArm": {
					"rotation": [-35, 0, 0],
					"position": [-1, 0, 7],
					"scale": 1
				},
				"rightItem": {
					"rotation": [-47.25471, -5.52235, -5.08269],
					"position": [-11, -9.49154, -19.42024]
				},
				"waist": {
					"rotation": [-2.5, 0, 0]
				}
			}
		},
		"animation.wormwood.player.attachables.spear.wield.third_person": {
			"loop": true,
			"bones": {
				"rightArm": {
					"rotation": [-35.13226, -14.90781, 3.52378]
				},
				"rightItem": {
					"rotation": [-12.5, 0, 0],
					"position": [-4, 0, -5]
				},
				"waist": {
					"rotation": [-2.5, 0, 0]
				},
				"leftArm": {
					"rotation": [-58.91444, 21.92612, 35.50599],
					"position": [0, 0, 1]
				}
			}
		},
		"animation.wormwood.player.attachables.spear.swing.third_person": {
			"loop": "hold_on_last_frame",
			"animation_length": 0.48,
			"bones": {
				"rightArm": {
					"rotation": {
						"0.0": [0, 0, 0],
						"0.04": [-26.72, 8.06, 0],
						"0.08": [-45, 15, 0],
						"0.12": [-15.94, 11.81, 0],
						"0.16": [22.5, 6, 0],
						"0.2": [45, 2.44, 0],
						"0.24": [52.5, 0, 0],
						"0.28": [46.44, -0.38, 0],
						"0.32": [34.92, -0.43, 0],
						"0.36": [21.18, -0.29, 0],
						"0.4": [8.46, -0.1, 0],
						"0.44": [0, 0, 0]
					}
				},
				"waist": {
					"rotation": {
						"0.0": [0, 0, 0],
						"0.04": [-10, 15, 0],
						"0.08": [-3.57, 8.93, 0],
						"0.12": [7.03, -1.69, 0],
						"0.16": [17.25, -12.21, 0],
						"0.2": [22.5, -18, 0],
						"0.24": [21.98, -17.95, 0],
						"0.28": [19.42, -16.05, 0],
						"0.32": [15.52, -12.91, 0],
						"0.36": [10.95, -9.13, 0],
						"0.4": [6.39, -5.32, 0],
						"0.44": [2.51, -2.07, 0],
						"0.48": [0, 0, 0]
					}
				},
				"leftArm": {
					"rotation": {
						"0.0": [0, 0, 0],
						"0.04": [15, 22.5, 0],
						"0.08": [10, 15, -11],
						"0.12": [5, 7.5, -22],
						"0.16": [0, 0, -33],
						"0.2": [-0.79, -1.18, -31.46],
						"0.24": [-1.09, -1.64, -27.42],
						"0.28": [-1.05, -1.57, -21.74],
						"0.32": [-0.79, -1.18, -15.3],
						"0.36": [-0.44, -0.66, -8.95],
						"0.4": [-0.13, -0.2, -3.56],
						"0.44": [0, 0, 0]
					},
					"position": {
						"0.0": [0, 0, 0],
						"0.04": [0, 2, 0],
						"0.08": [0, 1, 0],
						"0.12": [0, 0, 0],
						"0.16": [0, -1, 0],
						"0.2": [0, -0.86, 0],
						"0.24": [0, -0.71, 0],
						"0.28": [0, -0.57, 0],
						"0.32": [0, -0.43, 0],
						"0.36": [0, -0.29, 0],
						"0.4": [0, -0.14, 0],
						"0.44": [0, 0, 0]
					}
				}
			}
		},
		"animation.wormwood.player.attachables.spear.wield.new": {
			"loop": true
		},
		"animation.wormwood.player.attachables.spear.swing.first_person": {
			"loop": "hold_on_last_frame",
			"animation_length": 0.48,
			"bones": {
				"rightArm": {
					"rotation": {
						"0.0": [0, 0, 0],
						"0.04": [-26.72, 8.06, 0],
						"0.08": [-45, 15, 0],
						"0.12": [-15.94, 11.81, 0],
						"0.16": [22.5, 6, 0],
						"0.2": [45, 2.44, 0],
						"0.24": [52.5, 0, 0],
						"0.28": [46.44, -0.38, 0],
						"0.32": [34.92, -0.43, 0],
						"0.36": [21.18, -0.29, 0],
						"0.4": [8.46, -0.1, 0],
						"0.44": [0, 0, 0]
					}
				},
				"waist": {
					"rotation": {
						"0.0": [0, 0, 0],
						"0.04": [-10, 15, 0],
						"0.08": [-3.57, 8.93, 0],
						"0.12": [7.03, -1.69, 0],
						"0.16": [17.25, -12.21, 0],
						"0.2": [22.5, -18, 0],
						"0.24": [21.98, -17.95, 0],
						"0.28": [19.42, -16.05, 0],
						"0.32": [15.52, -12.91, 0],
						"0.36": [10.95, -9.13, 0],
						"0.4": [6.39, -5.32, 0],
						"0.44": [2.51, -2.07, 0],
						"0.48": [0, 0, 0]
					}
				},
				"leftArm": {
					"rotation": {
						"0.0": [0, 0, 0],
						"0.04": [15, 22.5, 0],
						"0.08": [10, 15, -11],
						"0.12": [5, 7.5, -22],
						"0.16": [0, 0, -33],
						"0.2": [-0.79, -1.18, -31.46],
						"0.24": [-1.09, -1.64, -27.42],
						"0.28": [-1.05, -1.57, -21.74],
						"0.32": [-0.79, -1.18, -15.3],
						"0.36": [-0.44, -0.66, -8.95],
						"0.4": [-0.13, -0.2, -3.56],
						"0.44": [0, 0, 0]
					},
					"position": {
						"0.0": [0, 0, 0],
						"0.04": [0, 2, 0],
						"0.08": [0, 1, 0],
						"0.12": [0, 0, 0],
						"0.16": [0, -1, 0],
						"0.2": [0, -0.86, 0],
						"0.24": [0, -0.71, 0],
						"0.28": [0, -0.57, 0],
						"0.32": [0, -0.43, 0],
						"0.36": [0, -0.29, 0],
						"0.4": [0, -0.14, 0],
						"0.44": [0, 0, 0]
					}
				}
			}
		}
	}
}